﻿<?xml version="1.0" encoding="utf-8"?>
<!--Czy to działa?-->
<options>
  <users>
    <user>
      <login>admin</login>
      <password>admin</password>
    </user>
  </users>
  <connectionString>Server=tcp:mojcrm.database.windows.net,1433;Data Source=mojcrm.database.windows.net;Initial Catalog=CRM;Persist Security Info=False;User ID=crmadmin@mojcrm;Password=mojcrm12!;Pooling=False;MultipleActiveResultSets=False;Encrypt=True;TrustServerCertificate=False;Connection Timeout=30;</connectionString>
</options>